100,Barbi,Nahum,Barbi.Nahum@yopmail.com
101,Addia,Knowling,Addia.Knowling@yopmail.com
102,Cam,Colleen,Cam.Colleen@yopmail.com
103,Albertina,Isidore,Albertina.Isidore@yopmail.com
104,Millie,Rurik,Millie.Rurik@yopmail.com
105,Madalyn,Abram,Madalyn.Abram@yopmail.com
106,Lonnie,Carleen,Lonnie.Carleen@yopmail.com
107,Jordan,Annabella,Jordan.Annabella@yopmail.com
108,Concettina,Gherardo,Concettina.Gherardo@yopmail.com
109,Carol-Jean,Sawtelle,Carol-Jean.Sawtelle@yopmail.com
110,Morganica,Bettine,Morganica.Bettine@yopmail.com
111,Jenilee,Candy,Jenilee.Candy@yopmail.com
112,Gerrie,Narton,Gerrie.Narton@yopmail.com
113,Sashenka,Bethany,Sashenka.Bethany@yopmail.com
114,Di,Montgomery,Di.Montgomery@yopmail.com
115,Ethel,Wooster,Ethel.Wooster@yopmail.com
116,Janis,Reidar,Janis.Reidar@yopmail.com
117,Steffane,Berriman,Steffane.Berriman@yopmail.com
118,Queenie,Hashim,Queenie.Hashim@yopmail.com
119,Konstance,Bury,Konstance.Bury@yopmail.com
120,Mireielle,Wyn,Mireielle.Wyn@yopmail.com
121,Lesly,Teryn,Lesly.Teryn@yopmail.com
122,Dawn,Catie,Dawn.Catie@yopmail.com
123,Renie,Olympium,Renie.Olympium@yopmail.com
124,Stacey,Newell,Stacey.Newell@yopmail.com
125,Ruthe,Bury,Ruthe.Bury@yopmail.com
126,Collen,An,Collen.An@yopmail.com
127,Brianna,Abram,Brianna.Abram@yopmail.com
128,Ayn,Amethist,Ayn.Amethist@yopmail.com
129,Lorenza,Bebe,Lorenza.Bebe@yopmail.com
130,Flo,Maples,Flo.Maples@yopmail.com
131,Agathe,Wittie,Agathe.Wittie@yopmail.com
132,Kimmy,Phi,Kimmy.Phi@yopmail.com
133,Valli,Francene,Valli.Francene@yopmail.com
134,Neila,Brittani,Neila.Brittani@yopmail.com
135,Myrtice,Fillbert,Myrtice.Fillbert@yopmail.com
136,Marita,Orelee,Marita.Orelee@yopmail.com
137,Verla,Modie,Verla.Modie@yopmail.com
138,Andeee,Carri,Andeee.Carri@yopmail.com
139,Teriann,Anastatius,Teriann.Anastatius@yopmail.com
140,Cassondra,Etom,Cassondra.Etom@yopmail.com
141,Thalia,Etom,Thalia.Etom@yopmail.com
142,Mahalia,Phyllis,Mahalia.Phyllis@yopmail.com
143,Sindee,Israeli,Sindee.Israeli@yopmail.com
144,Eadie,Byrne,Eadie.Byrne@yopmail.com
145,Talya,Sherrie,Talya.Sherrie@yopmail.com
146,Damaris,An,Damaris.An@yopmail.com
147,Aubrie,McLaughlin,Aubrie.McLaughlin@yopmail.com
148,Krystle,Barbey,Krystle.Barbey@yopmail.com
149,Tamqrah,Engdahl,Tamqrah.Engdahl@yopmail.com
150,Leanna,Ricarda,Leanna.Ricarda@yopmail.com
151,Barbara,Malvino,Barbara.Malvino@yopmail.com
152,Jacenta,Destinee,Jacenta.Destinee@yopmail.com
153,Ursulina,Nunci,Ursulina.Nunci@yopmail.com
154,Di,Jary,Di.Jary@yopmail.com
155,Mariann,Pillsbury,Mariann.Pillsbury@yopmail.com
156,Debee,Parsaye,Debee.Parsaye@yopmail.com
157,Agathe,Donell,Agathe.Donell@yopmail.com
158,Caryl,Bakerman,Caryl.Bakerman@yopmail.com
159,Natka,Morrill,Natka.Morrill@yopmail.com
160,Donetta,Marden,Donetta.Marden@yopmail.com
161,Candy,Pandolfi,Candy.Pandolfi@yopmail.com
162,Marguerite,Zitvaa,Marguerite.Zitvaa@yopmail.com
163,Nita,Sawtelle,Nita.Sawtelle@yopmail.com
164,Shauna,Cath,Shauna.Cath@yopmail.com
165,Averyl,Dimitris,Averyl.Dimitris@yopmail.com
166,Bee,Emerson,Bee.Emerson@yopmail.com
167,Gerrie,Gilmour,Gerrie.Gilmour@yopmail.com
168,Lory,Knowling,Lory.Knowling@yopmail.com
169,Tori,Durware,Tori.Durware@yopmail.com
170,Aigneis,Idelia,Aigneis.Idelia@yopmail.com
171,Valeda,Wenoa,Valeda.Wenoa@yopmail.com
172,Elena,Cohdwell,Elena.Cohdwell@yopmail.com
173,Collen,Dawkins,Collen.Dawkins@yopmail.com
174,Lynnea,Wenda,Lynnea.Wenda@yopmail.com
175,Stephanie,Sallyann,Stephanie.Sallyann@yopmail.com
176,Lulita,Doig,Lulita.Doig@yopmail.com
177,Flory,Natalia,Flory.Natalia@yopmail.com
178,Johna,Carlson,Johna.Carlson@yopmail.com
179,Libbie,Riordan,Libbie.Riordan@yopmail.com
180,Rhoda,Sibyls,Rhoda.Sibyls@yopmail.com
181,Dione,Cohdwell,Dione.Cohdwell@yopmail.com
182,Jsandye,Dalli,Jsandye.Dalli@yopmail.com
183,Nelle,Merell,Nelle.Merell@yopmail.com
184,Deirdre,Ricarda,Deirdre.Ricarda@yopmail.com
185,Aubrie,Erb,Aubrie.Erb@yopmail.com
186,Coral,Leary,Coral.Leary@yopmail.com
187,Tracey,Ferrell,Tracey.Ferrell@yopmail.com
188,Quintina,Telfer,Quintina.Telfer@yopmail.com
189,Rubie,Friede,Rubie.Friede@yopmail.com
190,Sadie,Rudolph,Sadie.Rudolph@yopmail.com
191,Petronia,Milson,Petronia.Milson@yopmail.com
192,Beverley,Brian,Beverley.Brian@yopmail.com
193,Daune,Ashely,Daune.Ashely@yopmail.com
194,Dale,Lilas,Dale.Lilas@yopmail.com
195,Ingrid,Leary,Ingrid.Leary@yopmail.com
196,Gale,Aaberg,Gale.Aaberg@yopmail.com
197,Debee,Sharl,Debee.Sharl@yopmail.com
198,Phylis,Orlene,Phylis.Orlene@yopmail.com
199,Danika,Cecile,Danika.Cecile@yopmail.com
200,Jaime,Garek,Jaime.Garek@yopmail.com
201,Lenna,Oster,Lenna.Oster@yopmail.com
202,Mariann,Nedrud,Mariann.Nedrud@yopmail.com
203,Ekaterina,Sasnett,Ekaterina.Sasnett@yopmail.com
204,Daryl,Bivins,Daryl.Bivins@yopmail.com
205,Collen,Dowski,Collen.Dowski@yopmail.com
206,Oralee,Therine,Oralee.Therine@yopmail.com
207,Robinia,McClimans,Robinia.McClimans@yopmail.com
208,Sissy,McLaughlin,Sissy.McLaughlin@yopmail.com
209,Sidoney,Maroney,Sidoney.Maroney@yopmail.com
210,Kirbee,Zamora,Kirbee.Zamora@yopmail.com
211,Alex,Japeth,Alex.Japeth@yopmail.com
212,Wendi,Heisel,Wendi.Heisel@yopmail.com
213,Cherrita,Santoro,Cherrita.Santoro@yopmail.com
214,Beth,Thornburg,Beth.Thornburg@yopmail.com
215,Antonietta,Junie,Antonietta.Junie@yopmail.com
216,Jennica,Vastah,Jennica.Vastah@yopmail.com
217,Fernande,Caitlin,Fernande.Caitlin@yopmail.com
218,Sherrie,Fontana,Sherrie.Fontana@yopmail.com
219,Trudie,Verger,Trudie.Verger@yopmail.com
220,Emelina,Blisse,Emelina.Blisse@yopmail.com
221,Willetta,Isacco,Willetta.Isacco@yopmail.com
222,Ulrike,Gualtiero,Ulrike.Gualtiero@yopmail.com
223,Chickie,Rooney,Chickie.Rooney@yopmail.com
224,Clo,Katrine,Clo.Katrine@yopmail.com
225,Gui,Callista,Gui.Callista@yopmail.com
226,Edith,Plato,Edith.Plato@yopmail.com
227,Demetris,Stav,Demetris.Stav@yopmail.com
228,Sharai,Ovid,Sharai.Ovid@yopmail.com
229,Carlie,Keelia,Carlie.Keelia@yopmail.com
230,Karly,Gaulin,Karly.Gaulin@yopmail.com
231,Demetris,Fleeta,Demetris.Fleeta@yopmail.com
232,Tabbatha,Israeli,Tabbatha.Israeli@yopmail.com
233,Letizia,Lymann,Letizia.Lymann@yopmail.com
234,Caressa,Buttaro,Caressa.Buttaro@yopmail.com
235,Lilith,Rebecka,Lilith.Rebecka@yopmail.com
236,Leona,Connelly,Leona.Connelly@yopmail.com
237,Amara,Frodi,Amara.Frodi@yopmail.com
238,Xylina,Lail,Xylina.Lail@yopmail.com
239,Lacie,Quent,Lacie.Quent@yopmail.com
240,Danny,Erminia,Danny.Erminia@yopmail.com
241,Gerrie,Granoff,Gerrie.Granoff@yopmail.com
242,Beatriz,Pauly,Beatriz.Pauly@yopmail.com
243,Marylou,Annabella,Marylou.Annabella@yopmail.com
244,Carmencita,Sasnett,Carmencita.Sasnett@yopmail.com
245,Tomasina,Gemini,Tomasina.Gemini@yopmail.com
246,Amara,My,Amara.My@yopmail.com
247,Catrina,Lail,Catrina.Lail@yopmail.com
248,Cherrita,Lane,Cherrita.Lane@yopmail.com
249,Nikki,Jeanne,Nikki.Jeanne@yopmail.com
250,Ivett,Sherrie,Ivett.Sherrie@yopmail.com
251,Olivette,Philipp,Olivette.Philipp@yopmail.com
252,Kathy,Hilbert,Kathy.Hilbert@yopmail.com
253,Stevana,Cosenza,Stevana.Cosenza@yopmail.com
254,Mary,Baudin,Mary.Baudin@yopmail.com
255,Vivia,Holbrook,Vivia.Holbrook@yopmail.com
256,Rosaline,Thad,Rosaline.Thad@yopmail.com
257,Pearline,Lucienne,Pearline.Lucienne@yopmail.com
258,Tani,Trinetta,Tani.Trinetta@yopmail.com
259,Frances,Ries,Frances.Ries@yopmail.com
260,Eugine,Cottle,Eugine.Cottle@yopmail.com
261,Kirstin,Nerita,Kirstin.Nerita@yopmail.com
262,Jaime,Ader,Jaime.Ader@yopmail.com
263,Joelly,Stuart,Joelly.Stuart@yopmail.com
264,Bertine,Nickola,Bertine.Nickola@yopmail.com
265,Collen,Myrilla,Collen.Myrilla@yopmail.com
266,Hayley,Grimbly,Hayley.Grimbly@yopmail.com
267,Clarice,Bigner,Clarice.Bigner@yopmail.com
268,Cathyleen,Matthew,Cathyleen.Matthew@yopmail.com
269,Sybille,Haymes,Sybille.Haymes@yopmail.com
270,Adriana,Delp,Adriana.Delp@yopmail.com
271,Elvira,Pulsifer,Elvira.Pulsifer@yopmail.com
272,Corly,Karna,Corly.Karna@yopmail.com
273,Ericka,Sallyann,Ericka.Sallyann@yopmail.com
274,Max,Tybald,Max.Tybald@yopmail.com
275,Linzy,Cherianne,Linzy.Cherianne@yopmail.com
276,Britte,Toor,Britte.Toor@yopmail.com
277,Ermengarde,Alisia,Ermengarde.Alisia@yopmail.com
278,Roslyn,Ferrell,Roslyn.Ferrell@yopmail.com
279,Elyssa,Madaih,Elyssa.Madaih@yopmail.com
280,Ariela,Bashemeth,Ariela.Bashemeth@yopmail.com
281,Florencia,Lanita,Florencia.Lanita@yopmail.com
282,Kelly,Imelida,Kelly.Imelida@yopmail.com
283,Jean,Tannie,Jean.Tannie@yopmail.com
284,Merrie,Dahlia,Merrie.Dahlia@yopmail.com
285,Wilma,Wittie,Wilma.Wittie@yopmail.com
286,Brena,Fax,Brena.Fax@yopmail.com
287,Rori,Stanwood,Rori.Stanwood@yopmail.com
288,Gale,Pip,Gale.Pip@yopmail.com
289,Aubrie,Sikorski,Aubrie.Sikorski@yopmail.com
290,Jemie,Haerr,Jemie.Haerr@yopmail.com
291,Queenie,Mathilde,Queenie.Mathilde@yopmail.com
292,Farrah,Pelagias,Farrah.Pelagias@yopmail.com
293,Maridel,Seagraves,Maridel.Seagraves@yopmail.com
294,Esmeralda,Edvard,Esmeralda.Edvard@yopmail.com
295,Zondra,Lilybelle,Zondra.Lilybelle@yopmail.com
296,Merci,Decato,Merci.Decato@yopmail.com
297,Daryl,Wilona,Daryl.Wilona@yopmail.com
298,Gui,Colp,Gui.Colp@yopmail.com
299,Netty,Lilybelle,Netty.Lilybelle@yopmail.com
300,Edyth,Zaslow,Edyth.Zaslow@yopmail.com
301,Kaja,Florina,Kaja.Florina@yopmail.com
302,Magdalena,Hathaway,Magdalena.Hathaway@yopmail.com
303,Alameda,Hebner,Alameda.Hebner@yopmail.com
304,Alyda,Leifeste,Alyda.Leifeste@yopmail.com
305,Theodora,Ries,Theodora.Ries@yopmail.com
306,Dominga,Sparhawk,Dominga.Sparhawk@yopmail.com
307,Ellette,Fitzsimmons,Ellette.Fitzsimmons@yopmail.com
308,Devina,Cath,Devina.Cath@yopmail.com
309,Doro,Alejoa,Doro.Alejoa@yopmail.com
310,Susette,Margret,Susette.Margret@yopmail.com
311,Almeta,Lalitta,Almeta.Lalitta@yopmail.com
312,Konstance,Judye,Konstance.Judye@yopmail.com
313,Morganica,Ricarda,Morganica.Ricarda@yopmail.com
314,Ebonee,Buffum,Ebonee.Buffum@yopmail.com
315,Tersina,Leifeste,Tersina.Leifeste@yopmail.com
316,Deedee,Gabrielli,Deedee.Gabrielli@yopmail.com
317,Jillayne,Kirbee,Jillayne.Kirbee@yopmail.com
318,Joy,Warthman,Joy.Warthman@yopmail.com
319,Nonnah,Khorma,Nonnah.Khorma@yopmail.com
320,Taffy,Lia,Taffy.Lia@yopmail.com
321,Elora,Imelida,Elora.Imelida@yopmail.com
322,Odessa,Slifka,Odessa.Slifka@yopmail.com
323,Brana,Doig,Brana.Doig@yopmail.com
324,Oona,Stav,Oona.Stav@yopmail.com
325,Trudie,Woodberry,Trudie.Woodberry@yopmail.com
326,Tera,Clara,Tera.Clara@yopmail.com
327,Hildegaard,Meli,Hildegaard.Meli@yopmail.com
328,Karlee,Mandler,Karlee.Mandler@yopmail.com
329,Gilda,Ahab,Gilda.Ahab@yopmail.com
330,Konstance,Zola,Konstance.Zola@yopmail.com
331,Cathie,Pacorro,Cathie.Pacorro@yopmail.com
332,Nannie,Bury,Nannie.Bury@yopmail.com
333,Vinita,Atonsah,Vinita.Atonsah@yopmail.com
334,Myriam,Mike,Myriam.Mike@yopmail.com
335,Chandra,Wilkinson,Chandra.Wilkinson@yopmail.com
336,Marleah,Buckler,Marleah.Buckler@yopmail.com
337,Ezmeralda,Raama,Ezmeralda.Raama@yopmail.com
338,Debee,Pyle,Debee.Pyle@yopmail.com
339,Sam,Tamsky,Sam.Tamsky@yopmail.com
340,Raquela,Thema,Raquela.Thema@yopmail.com
341,Cassandra,Morgun,Cassandra.Morgun@yopmail.com
342,Cyb,Fennessy,Cyb.Fennessy@yopmail.com
343,Clo,Avi,Clo.Avi@yopmail.com
344,Lusa,Hubert,Lusa.Hubert@yopmail.com
345,Magdalena,Sophronia,Magdalena.Sophronia@yopmail.com
346,Cathyleen,Minetta,Cathyleen.Minetta@yopmail.com
347,Damaris,Cullin,Damaris.Cullin@yopmail.com
348,Ericka,Adlare,Ericka.Adlare@yopmail.com
349,Lorne,Bonilla,Lorne.Bonilla@yopmail.com
350,Theodora,Cecile,Theodora.Cecile@yopmail.com
351,Thalia,Barrus,Thalia.Barrus@yopmail.com
352,Gale,Behre,Gale.Behre@yopmail.com
353,Daryl,Cutlerr,Daryl.Cutlerr@yopmail.com
354,Ebonee,Emmy,Ebonee.Emmy@yopmail.com
355,Clary,Stanwood,Clary.Stanwood@yopmail.com
356,Minne,Kolnick,Minne.Kolnick@yopmail.com
357,Marline,Hirsch,Marline.Hirsch@yopmail.com
358,Josephine,Firmin,Josephine.Firmin@yopmail.com
359,Nadine,Grobe,Nadine.Grobe@yopmail.com
360,Meghann,Adlare,Meghann.Adlare@yopmail.com
361,Nataline,Robertson,Nataline.Robertson@yopmail.com
362,Nessie,Gunn,Nessie.Gunn@yopmail.com
363,Annecorinne,Halsey,Annecorinne.Halsey@yopmail.com
364,Paola,Junie,Paola.Junie@yopmail.com
365,Lizzie,Cyrie,Lizzie.Cyrie@yopmail.com
366,Maisey,Rad,Maisey.Rad@yopmail.com
367,Zaria,Friede,Zaria.Friede@yopmail.com
368,Shaine,Nerita,Shaine.Nerita@yopmail.com
369,Jaime,Baptlsta,Jaime.Baptlsta@yopmail.com
370,Valera,Cordi,Valera.Cordi@yopmail.com
371,Alameda,Lindemann,Alameda.Lindemann@yopmail.com
372,Korrie,Cath,Korrie.Cath@yopmail.com
373,Marika,Kat,Marika.Kat@yopmail.com
374,Julieta,Hedve,Julieta.Hedve@yopmail.com
375,Allyce,Burch,Allyce.Burch@yopmail.com
376,Jenilee,Tacye,Jenilee.Tacye@yopmail.com
377,Adriana,Chaing,Adriana.Chaing@yopmail.com
378,Chloris,Fosque,Chloris.Fosque@yopmail.com
379,June,Shuler,June.Shuler@yopmail.com
380,Ilse,Mike,Ilse.Mike@yopmail.com
381,Alejandra,Zachary,Alejandra.Zachary@yopmail.com
382,Emilia,Ophelia,Emilia.Ophelia@yopmail.com
383,Cecile,Cordi,Cecile.Cordi@yopmail.com
384,Nessie,Engdahl,Nessie.Engdahl@yopmail.com
385,Margalo,Niccolo,Margalo.Niccolo@yopmail.com
386,Carmencita,Lowry,Carmencita.Lowry@yopmail.com
387,Regina,Radu,Regina.Radu@yopmail.com
388,Paulita,Berard,Paulita.Berard@yopmail.com
389,Kristina,Yate,Kristina.Yate@yopmail.com
390,Gavrielle,Jena,Gavrielle.Jena@yopmail.com
391,Emmey,Oscar,Emmey.Oscar@yopmail.com
392,Dione,Gaynor,Dione.Gaynor@yopmail.com
393,Miquela,Himelman,Miquela.Himelman@yopmail.com
394,Clary,Seumas,Clary.Seumas@yopmail.com
395,Laurene,Lamoree,Laurene.Lamoree@yopmail.com
396,Etta,Honoria,Etta.Honoria@yopmail.com
397,Edith,Elephus,Edith.Elephus@yopmail.com
398,Rori,Dreda,Rori.Dreda@yopmail.com
399,Perry,Pozzy,Perry.Pozzy@yopmail.com
400,Dyann,Brittani,Dyann.Brittani@yopmail.com
401,Kayla,Bendick,Kayla.Bendick@yopmail.com
402,Yetty,Poppy,Yetty.Poppy@yopmail.com
403,Lenna,Mitzi,Lenna.Mitzi@yopmail.com
404,Jsandye,Heisel,Jsandye.Heisel@yopmail.com
405,Darci,Bashemeth,Darci.Bashemeth@yopmail.com
406,Adriana,Louanna,Adriana.Louanna@yopmail.com
407,Chastity,Fry,Chastity.Fry@yopmail.com
408,Joelly,Avi,Joelly.Avi@yopmail.com
409,Jorry,Melony,Jorry.Melony@yopmail.com
410,Alyda,Maribeth,Alyda.Maribeth@yopmail.com
411,Janeczka,Durante,Janeczka.Durante@yopmail.com
412,Emilia,Allina,Emilia.Allina@yopmail.com
413,Orelia,Roscoe,Orelia.Roscoe@yopmail.com
414,Gaylene,Shama,Gaylene.Shama@yopmail.com
415,Marika,Annice,Marika.Annice@yopmail.com
416,Rosabelle,Olnee,Rosabelle.Olnee@yopmail.com
417,Dode,Lareena,Dode.Lareena@yopmail.com
418,Ada,Halla,Ada.Halla@yopmail.com
419,Siana,Ciro,Siana.Ciro@yopmail.com
420,Lanae,Zola,Lanae.Zola@yopmail.com
421,Lilith,Reneta,Lilith.Reneta@yopmail.com
422,Amelia,Kosey,Amelia.Kosey@yopmail.com
423,Brena,Hepsibah,Brena.Hepsibah@yopmail.com
424,Therine,Berl,Therine.Berl@yopmail.com
425,Kathy,McNully,Kathy.McNully@yopmail.com
426,Aurore,Girardo,Aurore.Girardo@yopmail.com
427,Glenda,Naashom,Glenda.Naashom@yopmail.com
428,Karena,Macey,Karena.Macey@yopmail.com
429,Sheree,Bobbee,Sheree.Bobbee@yopmail.com
430,Christy,Kirbee,Christy.Kirbee@yopmail.com
431,Cacilie,Faso,Cacilie.Faso@yopmail.com
432,Katuscha,Kunin,Katuscha.Kunin@yopmail.com
433,Aili,Gibbeon,Aili.Gibbeon@yopmail.com
434,Moyna,Colp,Moyna.Colp@yopmail.com
435,Gretal,Rurik,Gretal.Rurik@yopmail.com
436,Etta,Amadas,Etta.Amadas@yopmail.com
437,Jeanna,Magdalen,Jeanna.Magdalen@yopmail.com
438,Ariela,Parsaye,Ariela.Parsaye@yopmail.com
439,Christal,Kolnick,Christal.Kolnick@yopmail.com
440,Mallory,Alisia,Mallory.Alisia@yopmail.com
441,Kelly,Hull,Kelly.Hull@yopmail.com
442,Ermengarde,Eldrid,Ermengarde.Eldrid@yopmail.com
443,Yetty,Zenas,Yetty.Zenas@yopmail.com
444,Gui,Bartlett,Gui.Bartlett@yopmail.com
445,Renae,Teryn,Renae.Teryn@yopmail.com
446,Yvonne,Bashemeth,Yvonne.Bashemeth@yopmail.com
447,Brietta,Ellord,Brietta.Ellord@yopmail.com
448,Jessamyn,Olin,Jessamyn.Olin@yopmail.com
449,Benita,Maiah,Benita.Maiah@yopmail.com
450,Fidelia,Taima,Fidelia.Taima@yopmail.com
451,Rochette,Kirbee,Rochette.Kirbee@yopmail.com
452,Tera,Henebry,Tera.Henebry@yopmail.com
453,Jan,Roche,Jan.Roche@yopmail.com
454,Philis,Kussell,Philis.Kussell@yopmail.com
455,Sheree,Valoniah,Sheree.Valoniah@yopmail.com
456,Stacey,Lea,Stacey.Lea@yopmail.com
457,Sharai,Leffen,Sharai.Leffen@yopmail.com
458,Catrina,Merriott,Catrina.Merriott@yopmail.com
459,Beverley,Kiersten,Beverley.Kiersten@yopmail.com
460,Camile,Karl,Camile.Karl@yopmail.com
461,Yvonne,Penelopa,Yvonne.Penelopa@yopmail.com
462,Nessie,Ezar,Nessie.Ezar@yopmail.com
463,Pollyanna,Mendez,Pollyanna.Mendez@yopmail.com
464,Adore,Shaddock,Adore.Shaddock@yopmail.com
465,Cissiee,Donoghue,Cissiee.Donoghue@yopmail.com
466,Tani,Kazimir,Tani.Kazimir@yopmail.com
467,Concettina,Kirstin,Concettina.Kirstin@yopmail.com
468,Viki,Francyne,Viki.Francyne@yopmail.com
469,Andree,Autrey,Andree.Autrey@yopmail.com
470,Annice,Hortensia,Annice.Hortensia@yopmail.com
471,Elie,Burkle,Elie.Burkle@yopmail.com
472,Annaliese,Cutlerr,Annaliese.Cutlerr@yopmail.com
473,Brianna,Urania,Brianna.Urania@yopmail.com
474,Veda,Gavrila,Veda.Gavrila@yopmail.com
475,Dominga,Sallyann,Dominga.Sallyann@yopmail.com
476,Agnese,Gherardo,Agnese.Gherardo@yopmail.com
477,Ada,Hillel,Ada.Hillel@yopmail.com
478,Jinny,Pierette,Jinny.Pierette@yopmail.com
479,Zsa Zsa,Leler,Zsa Zsa.Leler@yopmail.com
480,Codie,Odysseus,Codie.Odysseus@yopmail.com
481,Beverley,Armanda,Beverley.Armanda@yopmail.com
482,Romona,Gaynor,Romona.Gaynor@yopmail.com
483,Sandie,Neils,Sandie.Neils@yopmail.com
484,Ileana,Lay,Ileana.Lay@yopmail.com
485,Audrie,Hartnett,Audrie.Hartnett@yopmail.com
486,Dulcinea,Guthrie,Dulcinea.Guthrie@yopmail.com
487,Penelopa,Stevy,Penelopa.Stevy@yopmail.com
488,Cacilie,Zuzana,Cacilie.Zuzana@yopmail.com
489,Raf,Hieronymus,Raf.Hieronymus@yopmail.com
490,Collen,Laverne,Collen.Laverne@yopmail.com
491,Eve,Amadas,Eve.Amadas@yopmail.com
492,Annecorinne,Merell,Annecorinne.Merell@yopmail.com
493,Clarice,Seagraves,Clarice.Seagraves@yopmail.com
494,June,Evvie,June.Evvie@yopmail.com
495,Jere,Corrine,Jere.Corrine@yopmail.com
496,Bernardine,Joeann,Bernardine.Joeann@yopmail.com
497,Amii,Obed,Amii.Obed@yopmail.com
498,Dacia,Sheng,Dacia.Sheng@yopmail.com
499,Mignon,Merat,Mignon.Merat@yopmail.com
500,Donetta,Amadas,Donetta.Amadas@yopmail.com
501,Maryellen,Koziara,Maryellen.Koziara@yopmail.com
502,Gilligan,Carbo,Gilligan.Carbo@yopmail.com
503,Tracey,Posner,Tracey.Posner@yopmail.com
504,Rosabelle,Noam,Rosabelle.Noam@yopmail.com
505,Elfreda,Tound,Elfreda.Tound@yopmail.com
506,Betta,Rebecka,Betta.Rebecka@yopmail.com
507,Malina,Joli,Malina.Joli@yopmail.com
508,Michaelina,Mich,Michaelina.Mich@yopmail.com
509,Alleen,Boehike,Alleen.Boehike@yopmail.com
510,Meghann,O'Neill,Meghann.O'Neill@yopmail.com
511,Lizzie,Himelman,Lizzie.Himelman@yopmail.com
512,Di,Goerke,Di.Goerke@yopmail.com
513,Joane,Hourigan,Joane.Hourigan@yopmail.com
514,Hollie,Maryanne,Hollie.Maryanne@yopmail.com
515,Sabina,Hewitt,Sabina.Hewitt@yopmail.com
516,Reeba,Halla,Reeba.Halla@yopmail.com
517,Dorice,Thornburg,Dorice.Thornburg@yopmail.com
518,Flo,Bettine,Flo.Bettine@yopmail.com
519,Evita,Iphlgenia,Evita.Iphlgenia@yopmail.com
520,Lesly,McCutcheon,Lesly.McCutcheon@yopmail.com
521,Jordan,Riva,Jordan.Riva@yopmail.com
522,Meriel,Drus,Meriel.Drus@yopmail.com
523,Florie,Ammann,Florie.Ammann@yopmail.com
524,Goldie,Barbey,Goldie.Barbey@yopmail.com
525,Raf,Richers,Raf.Richers@yopmail.com
526,Lita,Rooney,Lita.Rooney@yopmail.com
527,Inga,Stevy,Inga.Stevy@yopmail.com
528,Constance,Ajay,Constance.Ajay@yopmail.com
529,Vinita,Marcellus,Vinita.Marcellus@yopmail.com
530,Brandise,Jerald,Brandise.Jerald@yopmail.com
531,Josephine,Corabella,Josephine.Corabella@yopmail.com
532,Blinni,Kinnard,Blinni.Kinnard@yopmail.com
533,Cissiee,Hunfredo,Cissiee.Hunfredo@yopmail.com
534,Lorie,Corrine,Lorie.Corrine@yopmail.com
535,Molli,Blase,Molli.Blase@yopmail.com
536,Blinni,Armanda,Blinni.Armanda@yopmail.com
537,Liana,Raimondo,Liana.Raimondo@yopmail.com
538,Selia,Virgin,Selia.Virgin@yopmail.com
539,Aaren,Levey,Aaren.Levey@yopmail.com
540,Jerry,Ailyn,Jerry.Ailyn@yopmail.com
541,Vevay,Thema,Vevay.Thema@yopmail.com
542,Darlleen,Alabaster,Darlleen.Alabaster@yopmail.com
543,Jasmina,Etom,Jasmina.Etom@yopmail.com
544,Leia,Thad,Leia.Thad@yopmail.com
545,Elmira,Adamsen,Elmira.Adamsen@yopmail.com
546,Janis,August,Janis.August@yopmail.com
547,Amara,Catie,Amara.Catie@yopmail.com
548,Marika,Billye,Marika.Billye@yopmail.com
549,Brianna,Amadas,Brianna.Amadas@yopmail.com
550,Leia,Fiester,Leia.Fiester@yopmail.com
551,Fernande,Masao,Fernande.Masao@yopmail.com
552,Thalia,Saint,Thalia.Saint@yopmail.com
553,Claresta,Chinua,Claresta.Chinua@yopmail.com
554,Peri,Ciro,Peri.Ciro@yopmail.com
555,Aurelie,Infield,Aurelie.Infield@yopmail.com
556,Sam,Shanley,Sam.Shanley@yopmail.com
557,Siana,Zeeba,Siana.Zeeba@yopmail.com
558,Sherrie,Candy,Sherrie.Candy@yopmail.com
559,Beatriz,Arquit,Beatriz.Arquit@yopmail.com
560,Joy,Leopold,Joy.Leopold@yopmail.com
561,Theodora,Terrence,Theodora.Terrence@yopmail.com
562,Marleah,Papageno,Marleah.Papageno@yopmail.com
563,Abbie,Nerita,Abbie.Nerita@yopmail.com
564,Lynea,Ulphia,Lynea.Ulphia@yopmail.com
565,Sidoney,Moina,Sidoney.Moina@yopmail.com
566,Dacia,Means,Dacia.Means@yopmail.com
567,Sue,Erminia,Sue.Erminia@yopmail.com
568,Kamilah,Brittani,Kamilah.Brittani@yopmail.com
569,Nataline,Faust,Nataline.Faust@yopmail.com
570,Merry,Korey,Merry.Korey@yopmail.com
571,Agnese,Rolf,Agnese.Rolf@yopmail.com
572,Fredericka,Wildermuth,Fredericka.Wildermuth@yopmail.com
573,Jaclyn,Emmy,Jaclyn.Emmy@yopmail.com
574,Jemie,Garlinda,Jemie.Garlinda@yopmail.com
575,Nollie,Auberbach,Nollie.Auberbach@yopmail.com
576,Andree,Berriman,Andree.Berriman@yopmail.com
577,Ofilia,Albertine,Ofilia.Albertine@yopmail.com
578,Cacilie,Garbe,Cacilie.Garbe@yopmail.com
579,Sheree,Cosenza,Sheree.Cosenza@yopmail.com
580,Lyssa,Wallis,Lyssa.Wallis@yopmail.com
581,Shandie,Sammons,Shandie.Sammons@yopmail.com
582,Blondelle,Brodench,Blondelle.Brodench@yopmail.com
583,Bernie,Annabella,Bernie.Annabella@yopmail.com
584,Karolina,Cosenza,Karolina.Cosenza@yopmail.com
585,Donnie,Bord,Donnie.Bord@yopmail.com
586,Kaia,Evvie,Kaia.Evvie@yopmail.com
587,Courtnay,Rudolph,Courtnay.Rudolph@yopmail.com
588,Morganica,Stevy,Morganica.Stevy@yopmail.com
589,Dari,Salchunas,Dari.Salchunas@yopmail.com
590,Millie,Kelula,Millie.Kelula@yopmail.com
591,Fidelia,Isacco,Fidelia.Isacco@yopmail.com
592,Lorenza,Madaih,Lorenza.Madaih@yopmail.com
593,Hannis,Rugen,Hannis.Rugen@yopmail.com
594,Britte,Isacco,Britte.Isacco@yopmail.com
595,Heida,Bakerman,Heida.Bakerman@yopmail.com
596,Gavrielle,Holtz,Gavrielle.Holtz@yopmail.com
597,Korrie,Seagraves,Korrie.Seagraves@yopmail.com
598,Stephanie,Kunin,Stephanie.Kunin@yopmail.com
599,Luci,Artie,Luci.Artie@yopmail.com
600,Maisey,Hartnett,Maisey.Hartnett@yopmail.com
601,Alex,Shirberg,Alex.Shirberg@yopmail.com
602,Corly,Mott,Corly.Mott@yopmail.com
603,Danny,Thema,Danny.Thema@yopmail.com
604,Gusella,Jillane,Gusella.Jillane@yopmail.com
605,Olivette,Kenwood,Olivette.Kenwood@yopmail.com
606,Kial,Dimitris,Kial.Dimitris@yopmail.com
607,Kamilah,Bethany,Kamilah.Bethany@yopmail.com
608,Wendi,O'Rourke,Wendi.O'Rourke@yopmail.com
609,Maurene,Lymann,Maurene.Lymann@yopmail.com
610,Annaliese,Cloris,Annaliese.Cloris@yopmail.com
611,Ivett,Rad,Ivett.Rad@yopmail.com
612,Miquela,Blake,Miquela.Blake@yopmail.com
613,Doro,Zeeba,Doro.Zeeba@yopmail.com
614,Carmencita,Prouty,Carmencita.Prouty@yopmail.com
615,Gisela,Bluh,Gisela.Bluh@yopmail.com
616,Wanda,Lea,Wanda.Lea@yopmail.com
617,Candi,Melan,Candi.Melan@yopmail.com
618,Sybille,Elo,Sybille.Elo@yopmail.com
619,Josephine,Ellord,Josephine.Ellord@yopmail.com
620,Andeee,Etom,Andeee.Etom@yopmail.com
621,Elyssa,Huggins,Elyssa.Huggins@yopmail.com
622,Nerta,Levey,Nerta.Levey@yopmail.com
623,Agathe,Serilda,Agathe.Serilda@yopmail.com
624,Jean,Alwin,Jean.Alwin@yopmail.com
625,Sonni,Grobe,Sonni.Grobe@yopmail.com
626,Rubie,Alrich,Rubie.Alrich@yopmail.com
627,Randa,Gaspard,Randa.Gaspard@yopmail.com
628,Chickie,Tryck,Chickie.Tryck@yopmail.com
629,Cindelyn,Rhu,Cindelyn.Rhu@yopmail.com
630,Keelia,Ingra,Keelia.Ingra@yopmail.com
631,Gale,Cyrie,Gale.Cyrie@yopmail.com
632,Korrie,Taima,Korrie.Taima@yopmail.com
633,Celisse,Drisko,Celisse.Drisko@yopmail.com
634,Starla,Buttaro,Starla.Buttaro@yopmail.com
635,Cyb,Macey,Cyb.Macey@yopmail.com
636,Kate,Karl,Kate.Karl@yopmail.com
637,Katleen,Kare,Katleen.Kare@yopmail.com
638,Phedra,McGrody,Phedra.McGrody@yopmail.com
639,Gwenneth,Nea,Gwenneth.Nea@yopmail.com
640,Emmey,Othilia,Emmey.Othilia@yopmail.com
641,Ardeen,Rozanna,Ardeen.Rozanna@yopmail.com
642,Rayna,Fitzsimmons,Rayna.Fitzsimmons@yopmail.com
643,Caritta,Lilybelle,Caritta.Lilybelle@yopmail.com
644,Hallie,Primalia,Hallie.Primalia@yopmail.com
645,Shel,Calhoun,Shel.Calhoun@yopmail.com
646,Tomasina,Scammon,Tomasina.Scammon@yopmail.com
647,Blake,Weinreb,Blake.Weinreb@yopmail.com
648,Darlleen,Albertine,Darlleen.Albertine@yopmail.com
649,Marita,Stelle,Marita.Stelle@yopmail.com
650,Hannis,Oriana,Hannis.Oriana@yopmail.com
651,Jeanna,Jacqui,Jeanna.Jacqui@yopmail.com
652,Jolyn,Rad,Jolyn.Rad@yopmail.com
653,Krystle,Sammons,Krystle.Sammons@yopmail.com
654,Jeanna,Macey,Jeanna.Macey@yopmail.com
655,Katuscha,Mata,Katuscha.Mata@yopmail.com
656,Britte,Gregrory,Britte.Gregrory@yopmail.com
657,Minda,Matthew,Minda.Matthew@yopmail.com
658,Magdalena,Carri,Magdalena.Carri@yopmail.com
659,Kerrin,Hortensia,Kerrin.Hortensia@yopmail.com
660,Drucie,Shuler,Drucie.Shuler@yopmail.com
661,Courtnay,Grobe,Courtnay.Grobe@yopmail.com
662,Annora,Erich,Annora.Erich@yopmail.com
663,Gianina,Gino,Gianina.Gino@yopmail.com
664,Arlina,Han,Arlina.Han@yopmail.com
665,Jean,Campball,Jean.Campball@yopmail.com
666,Berget,Daniele,Berget.Daniele@yopmail.com
667,Cindelyn,Reneta,Cindelyn.Reneta@yopmail.com
668,Gwenneth,Dulciana,Gwenneth.Dulciana@yopmail.com
669,Arabel,Donell,Arabel.Donell@yopmail.com
670,Joleen,Gregrory,Joleen.Gregrory@yopmail.com
671,Gilda,Carey,Gilda.Carey@yopmail.com
672,Ulrike,Junie,Ulrike.Junie@yopmail.com
673,Gabi,Dorothy,Gabi.Dorothy@yopmail.com
674,Josephine,Lymann,Josephine.Lymann@yopmail.com
675,Shandie,Henebry,Shandie.Henebry@yopmail.com
676,Letizia,Helve,Letizia.Helve@yopmail.com
677,Kelly,Lareena,Kelly.Lareena@yopmail.com
678,Taffy,Gabrielli,Taffy.Gabrielli@yopmail.com
679,Marleah,Lilas,Marleah.Lilas@yopmail.com
680,Patricia,Plato,Patricia.Plato@yopmail.com
681,Rani,Juliet,Rani.Juliet@yopmail.com
682,Chickie,Honoria,Chickie.Honoria@yopmail.com
683,Minda,Hanshaw,Minda.Hanshaw@yopmail.com
684,Andeee,Daegal,Andeee.Daegal@yopmail.com
685,Gwyneth,Lail,Gwyneth.Lail@yopmail.com
686,Mara,Egbert,Mara.Egbert@yopmail.com
687,Aimil,Raffo,Aimil.Raffo@yopmail.com
688,Nickie,Nedrud,Nickie.Nedrud@yopmail.com
689,Shel,Audly,Shel.Audly@yopmail.com
690,Marita,Cosenza,Marita.Cosenza@yopmail.com
691,Betta,Smitt,Betta.Smitt@yopmail.com
692,Alyda,Adlare,Alyda.Adlare@yopmail.com
693,Annecorinne,Sprage,Annecorinne.Sprage@yopmail.com
694,Renie,Gamaliel,Renie.Gamaliel@yopmail.com
695,Lanae,Schalles,Lanae.Schalles@yopmail.com
696,Minne,Germann,Minne.Germann@yopmail.com
697,Dorthy,Terrence,Dorthy.Terrence@yopmail.com
698,Gabriellia,Nerita,Gabriellia.Nerita@yopmail.com
699,Katuscha,Tamsky,Katuscha.Tamsky@yopmail.com
700,Janey,Argus,Janey.Argus@yopmail.com
701,Beatriz,Uird,Beatriz.Uird@yopmail.com
702,Larine,Stelle,Larine.Stelle@yopmail.com
703,Dede,Milde,Dede.Milde@yopmail.com
704,Anthia,Belanger,Anthia.Belanger@yopmail.com
705,Josephine,Rugen,Josephine.Rugen@yopmail.com
706,Teddie,Albertine,Teddie.Albertine@yopmail.com
707,Aurore,Weinreb,Aurore.Weinreb@yopmail.com
708,Tonia,Dorothy,Tonia.Dorothy@yopmail.com
709,Clary,Kiersten,Clary.Kiersten@yopmail.com
710,Cissiee,Oster,Cissiee.Oster@yopmail.com
711,Kary,Regan,Kary.Regan@yopmail.com
712,Chickie,Elbertina,Chickie.Elbertina@yopmail.com
713,Celestyna,Hollingsworth,Celestyna.Hollingsworth@yopmail.com
714,Audrie,Sadowski,Audrie.Sadowski@yopmail.com
715,Lenna,Evangelia,Lenna.Evangelia@yopmail.com
716,Jillayne,Waldron,Jillayne.Waldron@yopmail.com
717,Micheline,Weide,Micheline.Weide@yopmail.com
718,Ileana,Delp,Ileana.Delp@yopmail.com
719,Gavrielle,Ciro,Gavrielle.Ciro@yopmail.com
720,Imojean,Beniamino,Imojean.Beniamino@yopmail.com
721,Ashlee,Tristram,Ashlee.Tristram@yopmail.com
722,Phylis,Sammons,Phylis.Sammons@yopmail.com
723,Jerry,Lissi,Jerry.Lissi@yopmail.com
724,Vonny,Selway,Vonny.Selway@yopmail.com
725,Jorry,Morgun,Jorry.Morgun@yopmail.com
726,Allis,Zetta,Allis.Zetta@yopmail.com
727,Charissa,Hessler,Charissa.Hessler@yopmail.com
728,Allyce,Khorma,Allyce.Khorma@yopmail.com
729,Harmonia,Posner,Harmonia.Posner@yopmail.com
730,Deedee,Gwenore,Deedee.Gwenore@yopmail.com
731,Myrtice,Cutlerr,Myrtice.Cutlerr@yopmail.com
732,Berta,Joseph,Berta.Joseph@yopmail.com
733,Beatriz,Euridice,Beatriz.Euridice@yopmail.com
734,Elena,Screens,Elena.Screens@yopmail.com
735,Carly,Drus,Carly.Drus@yopmail.com
736,Dede,Lorenz,Dede.Lorenz@yopmail.com
737,Stevana,Kauppi,Stevana.Kauppi@yopmail.com
738,Kylynn,Greyson,Kylynn.Greyson@yopmail.com
739,Adriana,Ogren,Adriana.Ogren@yopmail.com
740,Nicoli,Revkah,Nicoli.Revkah@yopmail.com
741,Georgina,Joli,Georgina.Joli@yopmail.com
742,Donnie,Vittoria,Donnie.Vittoria@yopmail.com
743,Karlee,Alfons,Karlee.Alfons@yopmail.com
744,Caressa,Prober,Caressa.Prober@yopmail.com
745,Kate,Stanwood,Kate.Stanwood@yopmail.com
746,Pamella,Talia,Pamella.Talia@yopmail.com
747,Nicoli,Emmaline,Nicoli.Emmaline@yopmail.com
748,Celestyna,Syd,Celestyna.Syd@yopmail.com
749,Joceline,Evvie,Joceline.Evvie@yopmail.com
750,Mahalia,Alarise,Mahalia.Alarise@yopmail.com
751,Hettie,Jacobah,Hettie.Jacobah@yopmail.com
752,Asia,Fancie,Asia.Fancie@yopmail.com
753,Rhea,Charity,Rhea.Charity@yopmail.com
754,Shannah,Wu,Shannah.Wu@yopmail.com
755,Ira,Riordan,Ira.Riordan@yopmail.com
756,Suzette,Syd,Suzette.Syd@yopmail.com
757,Kimberley,Corabella,Kimberley.Corabella@yopmail.com
758,Emilia,Stilwell,Emilia.Stilwell@yopmail.com
759,Kirbee,Darbie,Kirbee.Darbie@yopmail.com
760,Leia,Ahab,Leia.Ahab@yopmail.com
761,Jemie,Valoniah,Jemie.Valoniah@yopmail.com
762,Sissy,Ambrosia,Sissy.Ambrosia@yopmail.com
763,Roseline,Casimir,Roseline.Casimir@yopmail.com
764,Dawn,Ambrosia,Dawn.Ambrosia@yopmail.com
765,Krystle,Haldas,Krystle.Haldas@yopmail.com
766,Tybie,Rolf,Tybie.Rolf@yopmail.com
767,Hyacinthe,Ledah,Hyacinthe.Ledah@yopmail.com
768,Lusa,Brackely,Lusa.Brackely@yopmail.com
769,June,Sancho,June.Sancho@yopmail.com
770,Siana,Croix,Siana.Croix@yopmail.com
771,Viviene,Martsen,Viviene.Martsen@yopmail.com
772,Evita,Casimir,Evita.Casimir@yopmail.com
773,Mary,Mitzi,Mary.Mitzi@yopmail.com
774,Ann-Marie,Stilwell,Ann-Marie.Stilwell@yopmail.com
775,Kittie,Zrike,Kittie.Zrike@yopmail.com
776,Aimil,Idelia,Aimil.Idelia@yopmail.com
777,Sara-Ann,Torray,Sara-Ann.Torray@yopmail.com
778,Merle,Teryn,Merle.Teryn@yopmail.com
779,Shannah,Zetta,Shannah.Zetta@yopmail.com
780,Merle,Juan,Merle.Juan@yopmail.com
781,Joleen,Candy,Joleen.Candy@yopmail.com
782,Adele,Roscoe,Adele.Roscoe@yopmail.com
783,Asia,Cookie,Asia.Cookie@yopmail.com
784,Orsola,Marisa,Orsola.Marisa@yopmail.com
785,Concettina,Melony,Concettina.Melony@yopmail.com
786,Rayna,Gerge,Rayna.Gerge@yopmail.com
787,Ileana,Dimitris,Ileana.Dimitris@yopmail.com
788,Verla,Rugen,Verla.Rugen@yopmail.com
789,Althea,Jagir,Althea.Jagir@yopmail.com
790,Sashenka,Ledah,Sashenka.Ledah@yopmail.com
791,Frank,Tryck,Frank.Tryck@yopmail.com
792,Doralynne,Socha,Doralynne.Socha@yopmail.com
793,Nyssa,Adore,Nyssa.Adore@yopmail.com
794,Cherrita,Mullane,Cherrita.Mullane@yopmail.com
795,Hope,Willie,Hope.Willie@yopmail.com
796,Dania,Goth,Dania.Goth@yopmail.com
797,Asia,Rubie,Asia.Rubie@yopmail.com
798,Jean,Jena,Jean.Jena@yopmail.com
799,Raquela,Bashemeth,Raquela.Bashemeth@yopmail.com
800,Brana,Harriman,Brana.Harriman@yopmail.com
801,Ileana,Sacken,Ileana.Sacken@yopmail.com
802,Constance,Deegan,Constance.Deegan@yopmail.com
803,Teriann,O'Carroll,Teriann.O'Carroll@yopmail.com
804,Margalo,Pulsifer,Margalo.Pulsifer@yopmail.com
805,Darlleen,Byrne,Darlleen.Byrne@yopmail.com
806,Jean,Olnee,Jean.Olnee@yopmail.com
807,Vanessa,Truc,Vanessa.Truc@yopmail.com
808,Mignon,Geffner,Mignon.Geffner@yopmail.com
809,Marika,Therine,Marika.Therine@yopmail.com
810,Natka,McNully,Natka.McNully@yopmail.com
811,Adele,Wolfgram,Adele.Wolfgram@yopmail.com
812,Lenna,Kirstin,Lenna.Kirstin@yopmail.com
813,Tilly,Cyrie,Tilly.Cyrie@yopmail.com
814,Blake,Emmy,Blake.Emmy@yopmail.com
815,Corene,Chauncey,Corene.Chauncey@yopmail.com
816,Nessie,Lattie,Nessie.Lattie@yopmail.com
817,Lanna,Darrell,Lanna.Darrell@yopmail.com
818,Maridel,Vins,Maridel.Vins@yopmail.com
819,Consuela,Pozzy,Consuela.Pozzy@yopmail.com
820,Esmeralda,Kimmie,Esmeralda.Kimmie@yopmail.com
821,Daune,Orlene,Daune.Orlene@yopmail.com
822,Gusty,Dudley,Gusty.Dudley@yopmail.com
823,Lexine,Loleta,Lexine.Loleta@yopmail.com
824,Tabbatha,Georgy,Tabbatha.Georgy@yopmail.com
825,Carly,Rogerio,Carly.Rogerio@yopmail.com
826,Dacia,Linskey,Dacia.Linskey@yopmail.com
827,Joy,Wiener,Joy.Wiener@yopmail.com
828,Jasmina,Vanni,Jasmina.Vanni@yopmail.com
829,Quintina,Kiersten,Quintina.Kiersten@yopmail.com
830,Etta,Aurelio,Etta.Aurelio@yopmail.com
831,Catrina,Nester,Catrina.Nester@yopmail.com
832,Libbie,Terencio,Libbie.Terencio@yopmail.com
833,Shannah,Hessler,Shannah.Hessler@yopmail.com
834,Britni,Cullin,Britni.Cullin@yopmail.com
835,Tomasina,Joeann,Tomasina.Joeann@yopmail.com
836,Rozele,Delila,Rozele.Delila@yopmail.com
837,Mathilda,Boehike,Mathilda.Boehike@yopmail.com
838,Ericka,Harriman,Ericka.Harriman@yopmail.com
839,Rubie,Federica,Rubie.Federica@yopmail.com
840,Fina,Billye,Fina.Billye@yopmail.com
841,Lorenza,Whiffen,Lorenza.Whiffen@yopmail.com
842,Suzette,Graig,Suzette.Graig@yopmail.com
843,Lulita,Billye,Lulita.Billye@yopmail.com
844,Katleen,Louanna,Katleen.Louanna@yopmail.com
845,Kittie,Ammann,Kittie.Ammann@yopmail.com
846,Harmonia,Rugen,Harmonia.Rugen@yopmail.com
847,Averyl,Clie,Averyl.Clie@yopmail.com
848,Desirae,Richers,Desirae.Richers@yopmail.com
849,Georgetta,Dulciana,Georgetta.Dulciana@yopmail.com
850,Basia,Kirbee,Basia.Kirbee@yopmail.com
851,Joy,Arley,Joy.Arley@yopmail.com
852,Kirstin,Karl,Kirstin.Karl@yopmail.com
853,Codie,Diann,Codie.Diann@yopmail.com
854,Trudie,Gemini,Trudie.Gemini@yopmail.com
855,Cyndie,Kathie,Cyndie.Kathie@yopmail.com
856,Katharina,Anastatius,Katharina.Anastatius@yopmail.com
857,Janis,Silvan,Janis.Silvan@yopmail.com
858,Roz,Leler,Roz.Leler@yopmail.com
859,Beverley,Septima,Beverley.Septima@yopmail.com
860,Gabi,Pitt,Gabi.Pitt@yopmail.com
861,Oralee,Pearse,Oralee.Pearse@yopmail.com
862,Diena,Simmonds,Diena.Simmonds@yopmail.com
863,Adelle,Zuzana,Adelle.Zuzana@yopmail.com
864,Zondra,Lilybelle,Zondra.Lilybelle@yopmail.com
865,Eugine,Roumell,Eugine.Roumell@yopmail.com
866,Lusa,Garek,Lusa.Garek@yopmail.com
867,Teriann,Haldas,Teriann.Haldas@yopmail.com
868,Iseabal,Claudine,Iseabal.Claudine@yopmail.com
869,Maurene,Egbert,Maurene.Egbert@yopmail.com
870,Ileana,Stanwood,Ileana.Stanwood@yopmail.com
871,Imojean,Odell,Imojean.Odell@yopmail.com
872,Blake,Carmena,Blake.Carmena@yopmail.com
873,Korrie,Croix,Korrie.Croix@yopmail.com
874,Gwyneth,Dex,Gwyneth.Dex@yopmail.com
875,Estell,Oscar,Estell.Oscar@yopmail.com
876,Wileen,Sparhawk,Wileen.Sparhawk@yopmail.com
877,Renie,Francyne,Renie.Francyne@yopmail.com
878,Marguerite,Holbrook,Marguerite.Holbrook@yopmail.com
879,Romona,Bivins,Romona.Bivins@yopmail.com
880,Glenda,Chauncey,Glenda.Chauncey@yopmail.com
881,Monika,Fennessy,Monika.Fennessy@yopmail.com
882,Shell,Rogerio,Shell.Rogerio@yopmail.com
883,Ana,Sheng,Ana.Sheng@yopmail.com
884,Joy,Alexandr,Joy.Alexandr@yopmail.com
885,Ericka,Nahum,Ericka.Nahum@yopmail.com
886,Dacia,Chandler,Dacia.Chandler@yopmail.com
887,Sheelagh,Sadowski,Sheelagh.Sadowski@yopmail.com
888,Liana,Sasnett,Liana.Sasnett@yopmail.com
889,Darlleen,Sherrie,Darlleen.Sherrie@yopmail.com
890,Yvonne,Donoghue,Yvonne.Donoghue@yopmail.com
891,Elyssa,Nikaniki,Elyssa.Nikaniki@yopmail.com
892,Mara,Maxi,Mara.Maxi@yopmail.com
893,Zaria,Yerkovich,Zaria.Yerkovich@yopmail.com
894,Isa,Gamaliel,Isa.Gamaliel@yopmail.com
895,Dode,Merell,Dode.Merell@yopmail.com
896,Aaren,Suk,Aaren.Suk@yopmail.com
897,Alyssa,Screens,Alyssa.Screens@yopmail.com
898,Nikki,Lorenz,Nikki.Lorenz@yopmail.com
899,Ninnetta,Weinreb,Ninnetta.Weinreb@yopmail.com
900,Grier,Barney,Grier.Barney@yopmail.com
901,Rayna,Elo,Rayna.Elo@yopmail.com
902,Laurene,Shuler,Laurene.Shuler@yopmail.com
903,Hettie,Keily,Hettie.Keily@yopmail.com
904,Tina,Kathie,Tina.Kathie@yopmail.com
905,Winny,Evangelia,Winny.Evangelia@yopmail.com
906,Aurore,Bryna,Aurore.Bryna@yopmail.com
907,Judy,Gino,Judy.Gino@yopmail.com
908,Neila,Yuille,Neila.Yuille@yopmail.com
909,Brianna,Raul,Brianna.Raul@yopmail.com
910,Tybie,Huggins,Tybie.Huggins@yopmail.com
911,Anallese,Wu,Anallese.Wu@yopmail.com
912,Etta,McAdams,Etta.McAdams@yopmail.com
913,Chandra,Schroth,Chandra.Schroth@yopmail.com
914,Rhoda,Juliet,Rhoda.Juliet@yopmail.com
915,Tani,Edison,Tani.Edison@yopmail.com
916,Sharai,Atonsah,Sharai.Atonsah@yopmail.com
917,Elbertina,Pelagias,Elbertina.Pelagias@yopmail.com
918,Evita,Chobot,Evita.Chobot@yopmail.com
919,Abbie,Socha,Abbie.Socha@yopmail.com
920,Giustina,Couture,Giustina.Couture@yopmail.com
921,Joy,Janith,Joy.Janith@yopmail.com
922,Kara-Lynn,Bonucci,Kara-Lynn.Bonucci@yopmail.com
923,Almeta,Uird,Almeta.Uird@yopmail.com
924,Aimil,Madelene,Aimil.Madelene@yopmail.com
925,Roxane,Fry,Roxane.Fry@yopmail.com
926,Caressa,Lea,Caressa.Lea@yopmail.com
927,Emylee,Stelle,Emylee.Stelle@yopmail.com
928,Merle,O'Neill,Merle.O'Neill@yopmail.com
929,Dari,Daveta,Dari.Daveta@yopmail.com
930,Heida,Margarete,Heida.Margarete@yopmail.com
931,Viviene,Mathilde,Viviene.Mathilde@yopmail.com
932,Joceline,Allys,Joceline.Allys@yopmail.com
933,Larine,Artie,Larine.Artie@yopmail.com
934,Marinna,Candy,Marinna.Candy@yopmail.com
935,Leona,Bashemeth,Leona.Bashemeth@yopmail.com
936,Damaris,Stephie,Damaris.Stephie@yopmail.com
937,Minda,Sheng,Minda.Sheng@yopmail.com
938,Carly,Maples,Carly.Maples@yopmail.com
939,Alyssa,Linehan,Alyssa.Linehan@yopmail.com
940,Wendi,Han,Wendi.Han@yopmail.com
941,Janenna,Lacombe,Janenna.Lacombe@yopmail.com
942,Netty,Hunfredo,Netty.Hunfredo@yopmail.com
943,Morganica,MacIntosh,Morganica.MacIntosh@yopmail.com
944,Janey,Shuler,Janey.Shuler@yopmail.com
945,Cyndie,Abram,Cyndie.Abram@yopmail.com
946,Feliza,Caitlin,Feliza.Caitlin@yopmail.com
947,Lesly,Plato,Lesly.Plato@yopmail.com
948,Tatiania,Roscoe,Tatiania.Roscoe@yopmail.com
949,Kassey,Kevon,Kassey.Kevon@yopmail.com
950,Aurelie,Christal,Aurelie.Christal@yopmail.com
951,Wynne,Creamer,Wynne.Creamer@yopmail.com
952,Marline,Fiann,Marline.Fiann@yopmail.com
953,Petronia,Susannah,Petronia.Susannah@yopmail.com
954,Rayna,Urias,Rayna.Urias@yopmail.com
955,Hyacinthe,Gaulin,Hyacinthe.Gaulin@yopmail.com
956,Calla,Gilmour,Calla.Gilmour@yopmail.com
957,Glenda,Mauer,Glenda.Mauer@yopmail.com
958,Sashenka,Knowling,Sashenka.Knowling@yopmail.com
959,Coral,Nicoline,Coral.Nicoline@yopmail.com
960,Belinda,Marsden,Belinda.Marsden@yopmail.com
961,Inga,Sekofski,Inga.Sekofski@yopmail.com
962,Marinna,Alwin,Marinna.Alwin@yopmail.com
963,Clary,Raimondo,Clary.Raimondo@yopmail.com
964,Demetris,Lauraine,Demetris.Lauraine@yopmail.com
965,Briney,Wadell,Briney.Wadell@yopmail.com
966,Riannon,Modie,Riannon.Modie@yopmail.com
967,Albertina,Isacco,Albertina.Isacco@yopmail.com
968,Anestassia,Sibyls,Anestassia.Sibyls@yopmail.com
969,Edee,Goode,Edee.Goode@yopmail.com
970,Dominga,Stelle,Dominga.Stelle@yopmail.com
971,Ada,Pulsifer,Ada.Pulsifer@yopmail.com
972,Roberta,Erskine,Roberta.Erskine@yopmail.com
973,Laure,Tristram,Laure.Tristram@yopmail.com
974,Tiffie,Shelba,Tiffie.Shelba@yopmail.com
975,Babita,Bennie,Babita.Bennie@yopmail.com
976,Dennie,Stoller,Dennie.Stoller@yopmail.com
977,Babita,Laverne,Babita.Laverne@yopmail.com
978,Claudina,Truc,Claudina.Truc@yopmail.com
979,Thalia,Ader,Thalia.Ader@yopmail.com
980,Alyda,Primalia,Alyda.Primalia@yopmail.com
981,Nita,Milson,Nita.Milson@yopmail.com
982,Berta,Connelly,Berta.Connelly@yopmail.com
983,Zia,Felecia,Zia.Felecia@yopmail.com
984,Annabela,Linskey,Annabela.Linskey@yopmail.com
985,Bibby,Simmonds,Bibby.Simmonds@yopmail.com
986,Coral,Turne,Coral.Turne@yopmail.com
987,Aurore,Charity,Aurore.Charity@yopmail.com
988,Tani,Donoghue,Tani.Donoghue@yopmail.com
989,Celene,Cecile,Celene.Cecile@yopmail.com
990,Valera,Kalinda,Valera.Kalinda@yopmail.com
991,Marguerite,Goode,Marguerite.Goode@yopmail.com
992,Hildegaard,Love,Hildegaard.Love@yopmail.com
993,Zondra,Cressida,Zondra.Cressida@yopmail.com
994,Leanna,Niccolo,Leanna.Niccolo@yopmail.com
995,Yolane,Sherrie,Yolane.Sherrie@yopmail.com
996,Jasmina,Rosalba,Jasmina.Rosalba@yopmail.com
997,Courtnay,Matthew,Courtnay.Matthew@yopmail.com
998,Laure,Gherardo,Laure.Gherardo@yopmail.com
999,Jaime,Serilda,Jaime.Serilda@yopmail.com
1000,Anallese,Burch,Anallese.Burch@yopmail.com
1001,Edith,Center,Edith.Center@yopmail.com
1002,Hermione,Friede,Hermione.Friede@yopmail.com
1003,Betta,Markman,Betta.Markman@yopmail.com
1004,Sarette,Cimbura,Sarette.Cimbura@yopmail.com
1005,Roz,Ezar,Roz.Ezar@yopmail.com
1006,Lizzie,Pandolfi,Lizzie.Pandolfi@yopmail.com
1007,Livvyy,Borrell,Livvyy.Borrell@yopmail.com
1008,Sue,Francene,Sue.Francene@yopmail.com
1009,Chere,Wu,Chere.Wu@yopmail.com
1010,Gerrie,Alexandr,Gerrie.Alexandr@yopmail.com
1011,Dorothy,Libna,Dorothy.Libna@yopmail.com
1012,Nerta,Toffic,Nerta.Toffic@yopmail.com
1013,Reeba,Olin,Reeba.Olin@yopmail.com
1014,Di,Anyah,Di.Anyah@yopmail.com
1015,Alia,Ciro,Alia.Ciro@yopmail.com
1016,Eve,Fry,Eve.Fry@yopmail.com
1017,Bobinette,Poppy,Bobinette.Poppy@yopmail.com
1018,Jere,Eben,Jere.Eben@yopmail.com
1019,Elmira,Johanna,Elmira.Johanna@yopmail.com
1020,Linet,Konyn,Linet.Konyn@yopmail.com
1021,Mary,Bivins,Mary.Bivins@yopmail.com
1022,Janenna,Israeli,Janenna.Israeli@yopmail.com
1023,Gabriellia,Truc,Gabriellia.Truc@yopmail.com
1024,Dyann,Larochelle,Dyann.Larochelle@yopmail.com
1025,Jorry,Masao,Jorry.Masao@yopmail.com
1026,Charissa,Mullane,Charissa.Mullane@yopmail.com
1027,Nollie,Astra,Nollie.Astra@yopmail.com
1028,Elsie,Hazlett,Elsie.Hazlett@yopmail.com
1029,Lilith,Harriman,Lilith.Harriman@yopmail.com
1030,Barbara,Pyle,Barbara.Pyle@yopmail.com
1031,Lyssa,Dyche,Lyssa.Dyche@yopmail.com
1032,Reeba,Gaynor,Reeba.Gaynor@yopmail.com
1033,Lorie,Berriman,Lorie.Berriman@yopmail.com
1034,Jan,Primalia,Jan.Primalia@yopmail.com
1035,Marline,Fry,Marline.Fry@yopmail.com
1036,Gisela,Madox,Gisela.Madox@yopmail.com
1037,Tami,Tristram,Tami.Tristram@yopmail.com
1038,Marjie,Tremayne,Marjie.Tremayne@yopmail.com
1039,Rani,Salchunas,Rani.Salchunas@yopmail.com
1040,Aurore,Arley,Aurore.Arley@yopmail.com
1041,Kenna,Albertine,Kenna.Albertine@yopmail.com
1042,Jessy,Ophelia,Jessy.Ophelia@yopmail.com
1043,Kassey,Aldric,Kassey.Aldric@yopmail.com
1044,Lolita,Truc,Lolita.Truc@yopmail.com
1045,Barbara,Oster,Barbara.Oster@yopmail.com
1046,Nanete,Tybald,Nanete.Tybald@yopmail.com
1047,Ericka,Malvino,Ericka.Malvino@yopmail.com
1048,Clary,Baptlsta,Clary.Baptlsta@yopmail.com
1049,Mara,Emmy,Mara.Emmy@yopmail.com
1050,Elfreda,Halsey,Elfreda.Halsey@yopmail.com
1051,Candy,Othilia,Candy.Othilia@yopmail.com
1052,Ebonee,Lutero,Ebonee.Lutero@yopmail.com
1053,Therine,Maples,Therine.Maples@yopmail.com
1054,Esmeralda,Audly,Esmeralda.Audly@yopmail.com
1055,Jordan,Amasa,Jordan.Amasa@yopmail.com
1056,Rebeca,Kat,Rebeca.Kat@yopmail.com
1057,Valeda,Killigrew,Valeda.Killigrew@yopmail.com
1058,Sonni,Imelida,Sonni.Imelida@yopmail.com
1059,Ellette,Gaspard,Ellette.Gaspard@yopmail.com
1060,Gianina,Markman,Gianina.Markman@yopmail.com
1061,Ninnetta,Connelly,Ninnetta.Connelly@yopmail.com
1062,Candy,Genna,Candy.Genna@yopmail.com
1063,Modestia,Narton,Modestia.Narton@yopmail.com
1064,Clarice,Mallon,Clarice.Mallon@yopmail.com
1065,Aurore,Eldrid,Aurore.Eldrid@yopmail.com
1066,Mildrid,Bonucci,Mildrid.Bonucci@yopmail.com
1067,Perry,Maples,Perry.Maples@yopmail.com
1068,Dale,LaRue,Dale.LaRue@yopmail.com
1069,Melanie,Tannie,Melanie.Tannie@yopmail.com
1070,Chastity,Ricki,Chastity.Ricki@yopmail.com
1071,Meriel,Si,Meriel.Si@yopmail.com
1072,Nadine,Parsaye,Nadine.Parsaye@yopmail.com
1073,Barbi,Goth,Barbi.Goth@yopmail.com
1074,Janey,Destinee,Janey.Destinee@yopmail.com
1075,Aigneis,Brotherson,Aigneis.Brotherson@yopmail.com
1076,Demetris,Francene,Demetris.Francene@yopmail.com
1077,Roseline,Lesley,Roseline.Lesley@yopmail.com
1078,Darci,Federica,Darci.Federica@yopmail.com
1079,Tybie,Jotham,Tybie.Jotham@yopmail.com
1080,Queenie,Martguerita,Queenie.Martguerita@yopmail.com
1081,Jessy,Tamsky,Jessy.Tamsky@yopmail.com
1082,Jessamyn,Johnsson,Jessamyn.Johnsson@yopmail.com
1083,Marcy,Etom,Marcy.Etom@yopmail.com
1084,Estell,Roarke,Estell.Roarke@yopmail.com
1085,Tilly,Baudin,Tilly.Baudin@yopmail.com
1086,Joeann,Lasley,Joeann.Lasley@yopmail.com
1087,Georgina,Giff,Georgina.Giff@yopmail.com
1088,Aurore,Cadmar,Aurore.Cadmar@yopmail.com
1089,Jolyn,Gaal,Jolyn.Gaal@yopmail.com
1090,Gerrie,Burkle,Gerrie.Burkle@yopmail.com
1091,Susette,Aprile,Susette.Aprile@yopmail.com
1092,Cyndie,Leopold,Cyndie.Leopold@yopmail.com
1093,Merci,Aaberg,Merci.Aaberg@yopmail.com
1094,Lucy,Calhoun,Lucy.Calhoun@yopmail.com
1095,Jordan,Paine,Jordan.Paine@yopmail.com
1096,Kerrin,McAdams,Kerrin.McAdams@yopmail.com
1097,Briney,Baptlsta,Briney.Baptlsta@yopmail.com
1098,Oona,Malvino,Oona.Malvino@yopmail.com
1099,Thalia,Ellord,Thalia.Ellord@yopmail.com
